"theta","vectors:0","vectors:1","vectors:2","vtkValidPointMask","arc_length","Points:0","Points:1","Points:2"
0.0093641,0.00021717,-0.0093614,0.99996,1,0,0,0,0
0.0094423,2.414e-05,-0.0093625,0.99995,1,0.000999,0,0.000999,0
0.0095204,-0.00016889,-0.0093636,0.99995,1,0.001998,0,0.001998,0
0.0095986,-0.00036192,-0.0093647,0.99995,1,0.002997,0,0.002997,0
0.0096768,-0.00055495,-0.0093658,0.99995,1,0.003996,0,0.003996,0
0.009755,-0.00074798,-0.0093669,0.99995,1,0.004995,0,0.004995,0
0.0098332,-0.00094101,-0.0093679,0.99995,1,0.005994,0,0.005994,0
0.0099114,-0.001134,-0.009369,0.99995,1,0.006993,0,0.006993,0
0.0099896,-0.0013271,-0.0093701,0.99995,1,0.007992,0,0.007992,0
0.010068,-0.0015201,-0.0093712,0.99994,1,0.008991,0,0.008991,0
0.010146,-0.0017131,-0.0093723,0.99994,1,0.00999,0,0.00999,0
0.010224,-0.0019062,-0.0093734,0.99994,1,0.010989,0,0.010989,0
0.010302,-0.0020992,-0.0093745,0.99994,1,0.011988,0,0.011988,0
0.010381,-0.0022922,-0.0093756,0.99994,1,0.012987,0,0.012987,0
0.010459,-0.0024853,-0.0093766,0.99994,1,0.013986,0,0.013986,0
0.010537,-0.0026783,-0.0093777,0.99994,1,0.014985,0,0.014985,0
0.010615,-0.0028713,-0.0093788,0.99994,1,0.015984,0,0.015984,0
0.010693,-0.0030643,-0.0093799,0.99993,1,0.016983,0,0.016983,0
0.010771,-0.0032574,-0.009381,0.99993,1,0.017982,0,0.017982,0
0.01085,-0.0034504,-0.0093821,0.99993,1,0.018981,0,0.018981,0
0.010928,-0.0036434,-0.0093832,0.99993,1,0.01998,0,0.01998,0
0.011006,-0.0038365,-0.0093843,0.99993,1,0.020979,0,0.020979,0
0.011084,-0.0040295,-0.0093853,0.99993,1,0.021978,0,0.021978,0
0.011162,-0.0042225,-0.0093864,0.99993,1,0.022977,0,0.022977,0
0.011241,-0.0044156,-0.0093875,0.99993,1,0.023976,0,0.023976,0
0.011319,-0.0046086,-0.0093886,0.99992,1,0.024975,0,0.024975,0
0.011397,-0.0048016,-0.0093897,0.99992,1,0.025974,0,0.025974,0
0.011475,-0.0049947,-0.0093908,0.99992,1,0.026973,0,0.026973,0
0.011553,-0.0051877,-0.0093919,0.99992,1,0.027972,0,0.027972,0
0.011631,-0.0053807,-0.009393,0.99992,1,0.028971,0,0.028971,0
0.01171,-0.0055737,-0.009394,0.99992,1,0.02997,0,0.02997,0
0.011788,-0.0057668,-0.0093951,0.99992,1,0.030969,0,0.030969,0
0.011866,-0.0059598,-0.0093962,0.99992,1,0.031968,0,0.031968,0
0.011958,-0.0061551,-0.0093937,0.99992,1,0.032967,0,0.032967,0
0.012068,-0.0063536,-0.0093862,0.99991,1,0.033966,0,0.033966,0
0.012179,-0.006552,-0.0093786,0.99991,1,0.034965,0,0.034965,0
0.01229,-0.0067505,-0.0093711,0.99991,1,0.035964,0,0.035964,0
0.0124,-0.006949,-0.0093636,0.99991,1,0.036963,0,0.036963,0
0.012511,-0.0071474,-0.009356,0.99991,1,0.037962,0,0.037962,0
0.012622,-0.0073459,-0.0093485,0.99991,1,0.038961,0,0.038961,0
0.012732,-0.0075444,-0.0093409,0.99991,1,0.03996,0,0.03996,0
0.012843,-0.0077428,-0.0093334,0.99991,1,0.040959,0,0.040959,0
0.012954,-0.0079413,-0.0093259,0.9999,1,0.041958,0,0.041958,0
0.013064,-0.0081398,-0.0093183,0.9999,1,0.042957,0,0.042957,0
0.013175,-0.0083382,-0.0093108,0.9999,1,0.043956,0,0.043956,0
0.013286,-0.0085367,-0.0093033,0.9999,1,0.044955,0,0.044955,0
0.013396,-0.0087352,-0.0092957,0.9999,1,0.045954,0,0.045954,0
0.013507,-0.0089336,-0.0092882,0.9999,1,0.046953,0,0.046953,0
0.013618,-0.0091321,-0.0092807,0.9999,1,0.047952,0,0.047952,0
0.013728,-0.0093306,-0.0092731,0.9999,1,0.048951,0,0.048951,0
0.013839,-0.009529,-0.0092656,0.9999,1,0.04995,0,0.04995,0
0.01395,-0.0097275,-0.009258,0.99989,1,0.050949,0,0.050949,0
0.01406,-0.009926,-0.0092505,0.99989,1,0.051948,0,0.051948,0
0.014171,-0.010124,-0.009243,0.99989,1,0.052947,0,0.052947,0
0.014282,-0.010323,-0.0092354,0.99989,1,0.053946,0,0.053946,0
0.014392,-0.010521,-0.0092279,0.99989,1,0.054945,0,0.054945,0
0.014503,-0.01072,-0.0092204,0.99989,1,0.055944,0,0.055944,0
0.014613,-0.010918,-0.0092128,0.99989,1,0.056943,0,0.056943,0
0.014724,-0.011117,-0.0092053,0.99989,1,0.057942,0,0.057942,0
0.014835,-0.011315,-0.0091977,0.99989,1,0.058941,0,0.058941,0
0.014945,-0.011514,-0.0091902,0.99988,1,0.05994,0,0.05994,0
0.015056,-0.011712,-0.0091827,0.99988,1,0.060939,0,0.060939,0
0.015167,-0.011911,-0.0091751,0.99988,1,0.061938,0,0.061938,0
0.015277,-0.012109,-0.0091676,0.99988,1,0.062937,0,0.062937,0
0.015388,-0.012308,-0.0091601,0.99988,1,0.063936,0,0.063936,0
0.015501,-0.012506,-0.0091526,0.99988,1,0.064935,0,0.064935,0
0.015691,-0.012703,-0.0091552,0.99988,1,0.065934,0,0.065934,0
0.015867,-0.012901,-0.0091621,0.99987,1,0.066933,0,0.066933,0
0.016044,-0.0131,-0.0091691,0.99987,1,0.067932,0,0.067932,0
0.016221,-0.013298,-0.0091761,0.99987,1,0.068931,0,0.068931,0
0.016397,-0.013497,-0.009183,0.99986,1,0.06993,0,0.06993,0
0.016574,-0.013695,-0.00919,0.99986,1,0.070929,0,0.070929,0
0.016751,-0.013893,-0.009197,0.99986,1,0.071928,0,0.071928,0
0.016928,-0.014092,-0.0092039,0.99985,1,0.072927,0,0.072927,0
0.017104,-0.01429,-0.0092109,0.99985,1,0.073926,0,0.073926,0
0.017281,-0.014489,-0.0092178,0.99984,1,0.074925,0,0.074925,0
0.017458,-0.014687,-0.0092248,0.99984,1,0.075924,0,0.075924,0
0.017634,-0.014885,-0.0092318,0.99984,1,0.076923,0,0.076923,0
0.017811,-0.015084,-0.0092387,0.99983,1,0.077922,0,0.077922,0
0.017988,-0.015282,-0.0092457,0.99983,1,0.078921,0,0.078921,0
0.018165,-0.015481,-0.0092526,0.99983,1,0.07992,0,0.07992,0
0.018341,-0.015679,-0.0092596,0.99982,1,0.080919,0,0.080919,0
0.018518,-0.015877,-0.0092666,0.99982,1,0.081918,0,0.081918,0
0.018695,-0.016076,-0.0092735,0.99982,1,0.082917,0,0.082917,0
0.018871,-0.016274,-0.0092805,0.99981,1,0.083916,0,0.083916,0
0.019048,-0.016473,-0.0092875,0.99981,1,0.084915,0,0.084915,0
0.019225,-0.016671,-0.0092944,0.99981,1,0.085914,0,0.085914,0
0.019401,-0.016869,-0.0093014,0.9998,1,0.086913,0,0.086913,0
0.019578,-0.017068,-0.0093083,0.9998,1,0.087912,0,0.087912,0
0.019755,-0.017266,-0.0093153,0.9998,1,0.088911,0,0.088911,0
0.019932,-0.017465,-0.0093223,0.99979,1,0.08991,0,0.08991,0
0.020108,-0.017663,-0.0093292,0.99979,1,0.090909,0,0.090909,0
0.020285,-0.017861,-0.0093362,0.99979,1,0.091908,0,0.091908,0
0.020462,-0.01806,-0.0093432,0.99978,1,0.092907,0,0.092907,0
0.020638,-0.018258,-0.0093501,0.99978,1,0.093906,0,0.093906,0
0.020815,-0.018457,-0.0093571,0.99977,1,0.094905,0,0.094905,0
0.020992,-0.018655,-0.009364,0.99977,1,0.095904,0,0.095904,0
0.021169,-0.018853,-0.009371,0.99977,1,0.096903,0,0.096903,0
0.021345,-0.019052,-0.009378,0.99976,1,0.097902,0,0.097902,0
0.021522,-0.01925,-0.0093849,0.99976,1,0.098901,0,0.098901,0
0.021699,-0.019449,-0.0093919,0.99976,1,0.0999,0,0.0999,0
0.021875,-0.019647,-0.0093988,0.99975,1,0.1009,0,0.1009,0
0.022052,-0.019845,-0.0094058,0.99975,1,0.1019,0,0.1019,0
0.022229,-0.020044,-0.0094128,0.99975,1,0.1029,0,0.1029,0
0.022405,-0.020242,-0.0094197,0.99974,1,0.1039,0,0.1039,0
0.022582,-0.020441,-0.0094267,0.99974,1,0.1049,0,0.1049,0
0.022759,-0.020639,-0.0094337,0.99974,1,0.10589,0,0.10589,0
0.022936,-0.020837,-0.0094406,0.99973,1,0.10689,0,0.10689,0
0.023112,-0.021036,-0.0094476,0.99973,1,0.10789,0,0.10789,0
0.023289,-0.021234,-0.0094545,0.99973,1,0.10889,0,0.10889,0
0.023466,-0.021433,-0.0094615,0.99972,1,0.10989,0,0.10989,0
0.023642,-0.021631,-0.0094685,0.99972,1,0.11089,0,0.11089,0
0.023819,-0.021829,-0.0094754,0.99972,1,0.11189,0,0.11189,0
0.023996,-0.022028,-0.0094824,0.99971,1,0.11289,0,0.11289,0
0.024183,-0.02223,-0.0094856,0.99971,1,0.11389,0,0.11389,0
0.024382,-0.022441,-0.0094855,0.9997,1,0.11489,0,0.11489,0
0.024581,-0.022653,-0.0094854,0.9997,1,0.11588,0,0.11588,0
0.02478,-0.022864,-0.0094853,0.99969,1,0.11688,0,0.11688,0
0.024979,-0.023075,-0.0094852,0.99968,1,0.11788,0,0.11788,0
0.025178,-0.023287,-0.009485,0.99968,1,0.11888,0,0.11888,0
0.025377,-0.023498,-0.0094849,0.99967,1,0.11988,0,0.11988,0
0.025576,-0.023709,-0.0094848,0.99967,1,0.12088,0,0.12088,0
0.025775,-0.023921,-0.0094847,0.99966,1,0.12188,0,0.12188,0
0.025974,-0.024132,-0.0094846,0.99966,1,0.12288,0,0.12288,0
0.026173,-0.024343,-0.0094845,0.99965,1,0.12388,0,0.12388,0
0.026372,-0.024554,-0.0094844,0.99964,1,0.12488,0,0.12488,0
0.026571,-0.024766,-0.0094843,0.99964,1,0.12587,0,0.12587,0
0.02677,-0.024977,-0.0094841,0.99963,1,0.12687,0,0.12687,0
0.026969,-0.025188,-0.009484,0.99963,1,0.12787,0,0.12787,0
0.027168,-0.0254,-0.0094839,0.99962,1,0.12887,0,0.12887,0
0.027367,-0.025611,-0.0094838,0.99962,1,0.12987,0,0.12987,0
0.027566,-0.025822,-0.0094837,0.99961,1,0.13087,0,0.13087,0
0.027765,-0.026034,-0.0094836,0.9996,1,0.13187,0,0.13187,0
0.027964,-0.026245,-0.0094835,0.9996,1,0.13287,0,0.13287,0
0.028163,-0.026456,-0.0094834,0.99959,1,0.13387,0,0.13387,0
0.028362,-0.026667,-0.0094833,0.99959,1,0.13487,0,0.13487,0
0.028561,-0.026879,-0.0094831,0.99958,1,0.13586,0,0.13586,0
0.02876,-0.02709,-0.009483,0.99958,1,0.13686,0,0.13686,0
0.028959,-0.027301,-0.0094829,0.99957,1,0.13786,0,0.13786,0
0.029158,-0.027513,-0.0094828,0.99956,1,0.13886,0,0.13886,0
0.029357,-0.027724,-0.0094827,0.99956,1,0.13986,0,0.13986,0
0.029556,-0.027935,-0.0094826,0.99955,1,0.14086,0,0.14086,0
0.029755,-0.028147,-0.0094825,0.99955,1,0.14186,0,0.14186,0
0.029954,-0.028358,-0.0094824,0.99954,1,0.14286,0,0.14286,0
0.030153,-0.028569,-0.0094822,0.99954,1,0.14386,0,0.14386,0
0.030352,-0.02878,-0.0094821,0.99953,1,0.14486,0,0.14486,0
0.030551,-0.028992,-0.009482,0.99952,1,0.14585,0,0.14585,0
0.03075,-0.029203,-0.0094819,0.99952,1,0.14685,0,0.14685,0
0.030949,-0.029414,-0.0094818,0.99951,1,0.14785,0,0.14785,0
0.031148,-0.029626,-0.0094817,0.99951,1,0.14885,0,0.14885,0
0.031347,-0.029837,-0.0094816,0.9995,1,0.14985,0,0.14985,0
0.031546,-0.030048,-0.0094815,0.9995,1,0.15085,0,0.15085,0
0.031745,-0.03026,-0.0094813,0.99949,1,0.15185,0,0.15185,0
0.031944,-0.030471,-0.0094812,0.99948,1,0.15285,0,0.15285,0
0.032143,-0.030682,-0.0094811,0.99948,1,0.15385,0,0.15385,0
0.032342,-0.030893,-0.009481,0.99947,1,0.15484,0,0.15484,0
0.032541,-0.031105,-0.0094809,0.99947,1,0.15584,0,0.15584,0
0.03274,-0.031316,-0.0094808,0.99946,1,0.15684,0,0.15684,0
0.032939,-0.031527,-0.0094807,0.99945,1,0.15784,0,0.15784,0
0.033138,-0.031739,-0.0094806,0.99945,1,0.15884,0,0.15884,0
0.033337,-0.03195,-0.0094805,0.99944,1,0.15984,0,0.15984,0
0.033544,-0.032165,-0.0094827,0.99944,1,0.16084,0,0.16084,0
0.03376,-0.032387,-0.0094883,0.99943,1,0.16184,0,0.16184,0
0.033977,-0.032609,-0.0094939,0.99942,1,0.16284,0,0.16284,0
0.034194,-0.032831,-0.0094994,0.99941,1,0.16384,0,0.16384,0
0.03441,-0.033053,-0.009505,0.9994,1,0.16484,0,0.16484,0
0.034627,-0.033275,-0.0095106,0.99939,1,0.16583,0,0.16583,0
0.034844,-0.033497,-0.0095162,0.99939,1,0.16683,0,0.16683,0
0.03506,-0.033719,-0.0095218,0.99938,1,0.16783,0,0.16783,0
0.035277,-0.033941,-0.0095274,0.99937,1,0.16883,0,0.16883,0
0.035494,-0.034163,-0.009533,0.99936,1,0.16983,0,0.16983,0
0.03571,-0.034385,-0.0095385,0.99935,1,0.17083,0,0.17083,0
0.035927,-0.034607,-0.0095441,0.99934,1,0.17183,0,0.17183,0
0.036144,-0.034829,-0.0095497,0.99933,1,0.17283,0,0.17283,0
0.03636,-0.035051,-0.0095553,0.99933,1,0.17383,0,0.17383,0
0.036577,-0.035273,-0.0095609,0.99932,1,0.17482,0,0.17482,0
0.036794,-0.035495,-0.0095665,0.99931,1,0.17582,0,0.17582,0
0.03701,-0.035717,-0.0095721,0.9993,1,0.17682,0,0.17682,0
0.037227,-0.035939,-0.0095776,0.99929,1,0.17782,0,0.17782,0
0.037443,-0.036161,-0.0095832,0.99928,1,0.17882,0,0.17882,0
0.03766,-0.036383,-0.0095888,0.99928,1,0.17982,0,0.17982,0
0.037877,-0.036605,-0.0095944,0.99927,1,0.18082,0,0.18082,0
0.038093,-0.036827,-0.0096,0.99926,1,0.18182,0,0.18182,0
0.03831,-0.037049,-0.0096056,0.99925,1,0.18282,0,0.18282,0
0.038527,-0.037271,-0.0096112,0.99924,1,0.18382,0,0.18382,0
0.038743,-0.037493,-0.0096168,0.99923,1,0.18482,0,0.18482,0
0.03896,-0.037715,-0.0096223,0.99922,1,0.18581,0,0.18581,0
0.039177,-0.037937,-0.0096279,0.99922,1,0.18681,0,0.18681,0
0.039393,-0.03816,-0.0096335,0.99921,1,0.18781,0,0.18781,0
0.03961,-0.038382,-0.0096391,0.9992,1,0.18881,0,0.18881,0
0.039827,-0.038604,-0.0096447,0.99919,1,0.18981,0,0.18981,0
0.040043,-0.038826,-0.0096503,0.99918,1,0.19081,0,0.19081,0
0.04026,-0.039048,-0.0096559,0.99917,1,0.19181,0,0.19181,0
0.040477,-0.03927,-0.0096614,0.99917,1,0.19281,0,0.19281,0
0.040693,-0.039492,-0.009667,0.99916,1,0.19381,0,0.19381,0
0.04091,-0.039714,-0.0096726,0.99915,1,0.1948,0,0.1948,0
0.041127,-0.039936,-0.0096782,0.99914,1,0.1958,0,0.1958,0
0.041343,-0.040158,-0.0096838,0.99913,1,0.1968,0,0.1968,0
0.04156,-0.04038,-0.0096894,0.99912,1,0.1978,0,0.1978,0
0.041777,-0.040602,-0.009695,0.99911,1,0.1988,0,0.1988,0
0.041993,-0.040824,-0.0097005,0.99911,1,0.1998,0,0.1998,0
0.04221,-0.041046,-0.0097061,0.9991,1,0.2008,0,0.2008,0
0.042427,-0.041268,-0.0097117,0.99909,1,0.2018,0,0.2018,0
0.042643,-0.04149,-0.0097173,0.99908,1,0.2028,0,0.2028,0
0.04286,-0.041712,-0.0097229,0.99907,1,0.2038,0,0.2038,0
0.043077,-0.041934,-0.0097285,0.99906,1,0.2048,0,0.2048,0
0.043293,-0.042156,-0.0097341,0.99906,1,0.20579,0,0.20579,0
0.04351,-0.042378,-0.0097396,0.99905,1,0.20679,0,0.20679,0
0.043727,-0.0426,-0.0097452,0.99904,1,0.20779,0,0.20779,0
0.043943,-0.042822,-0.0097508,0.99903,1,0.20879,0,0.20879,0
0.04416,-0.043044,-0.0097564,0.99902,1,0.20979,0,0.20979,0
0.044377,-0.043266,-0.009762,0.99901,1,0.21079,0,0.21079,0
0.044593,-0.043488,-0.0097676,0.999,1,0.21179,0,0.21179,0
0.04481,-0.04371,-0.0097732,0.999,1,0.21279,0,0.21279,0
0.045039,-0.043942,-0.0097777,0.99899,1,0.21379,0,0.21379,0
0.045275,-0.04418,-0.0097845,0.99897,1,0.21479,0,0.21479,0
0.04551,-0.044419,-0.0097912,0.99896,1,0.21578,0,0.21578,0
0.045746,-0.044658,-0.0097979,0.99895,1,0.21678,0,0.21678,0
0.045981,-0.044897,-0.0098047,0.99894,1,0.21778,0,0.21778,0
0.046217,-0.045136,-0.0098114,0.99893,1,0.21878,0,0.21878,0
0.046452,-0.045374,-0.0098181,0.99891,1,0.21978,0,0.21978,0
0.046688,-0.045613,-0.0098248,0.9989,1,0.22078,0,0.22078,0
0.046923,-0.045852,-0.0098316,0.99889,1,0.22178,0,0.22178,0
0.047159,-0.046091,-0.0098383,0.99888,1,0.22278,0,0.22278,0
0.047394,-0.046329,-0.009845,0.99887,1,0.22378,0,0.22378,0
0.04763,-0.046568,-0.0098518,0.99885,1,0.22478,0,0.22478,0
0.047865,-0.046807,-0.0098585,0.99884,1,0.22577,0,0.22577,0
0.048101,-0.047046,-0.0098652,0.99883,1,0.22677,0,0.22677,0
0.048336,-0.047285,-0.009872,0.99882,1,0.22777,0,0.22777,0
0.048572,-0.047523,-0.0098787,0.99881,1,0.22877,0,0.22877,0
0.048807,-0.047762,-0.0098854,0.99879,1,0.22977,0,0.22977,0
0.049043,-0.048001,-0.0098922,0.99878,1,0.23077,0,0.23077,0
0.049279,-0.04824,-0.0098989,0.99877,1,0.23177,0,0.23177,0
0.049514,-0.048478,-0.0099056,0.99876,1,0.23277,0,0.23277,0
0.04975,-0.048717,-0.0099123,0.99875,1,0.23377,0,0.23377,0
0.049985,-0.048956,-0.0099191,0.99873,1,0.23477,0,0.23477,0
0.050221,-0.049195,-0.0099258,0.99872,1,0.23576,0,0.23576,0
0.050456,-0.049434,-0.0099325,0.99871,1,0.23676,0,0.23676,0
0.050692,-0.049672,-0.0099393,0.9987,1,0.23776,0,0.23776,0
0.050927,-0.049911,-0.009946,0.99869,1,0.23876,0,0.23876,0
0.051163,-0.05015,-0.0099527,0.99867,1,0.23976,0,0.23976,0
0.051398,-0.050389,-0.0099595,0.99866,1,0.24076,0,0.24076,0
0.051634,-0.050628,-0.0099662,0.99865,1,0.24176,0,0.24176,0
0.051869,-0.050866,-0.0099729,0.99864,1,0.24276,0,0.24276,0
0.052105,-0.051105,-0.0099796,0.99863,1,0.24376,0,0.24376,0
0.052341,-0.051344,-0.0099863,0.99861,1,0.24475,0,0.24475,0
0.052577,-0.051583,-0.009993,0.9986,1,0.24575,0,0.24575,0
0.052813,-0.051821,-0.0099997,0.99859,1,0.24675,0,0.24675,0
0.053049,-0.05206,-0.010006,0.99858,1,0.24775,0,0.24775,0
0.053285,-0.052299,-0.010013,0.99857,1,0.24875,0,0.24875,0
0.053521,-0.052538,-0.01002,0.99855,1,0.24975,0,0.24975,0
0.053757,-0.052777,-0.010027,0.99854,1,0.25075,0,0.25075,0
0.053993,-0.053015,-0.010033,0.99853,1,0.25175,0,0.25175,0
0.054229,-0.053254,-0.01004,0.99852,1,0.25275,0,0.25275,0
0.054465,-0.053493,-0.010047,0.99851,1,0.25375,0,0.25375,0
0.054701,-0.053732,-0.010053,0.9985,1,0.25475,0,0.25475,0
0.054937,-0.053971,-0.01006,0.99848,1,0.25574,0,0.25574,0
0.055172,-0.054209,-0.010067,0.99847,1,0.25674,0,0.25674,0
0.055408,-0.054448,-0.010073,0.99846,1,0.25774,0,0.25774,0
0.055644,-0.054687,-0.01008,0.99845,1,0.25874,0,0.25874,0
0.05588,-0.054926,-0.010087,0.99844,1,0.25974,0,0.25974,0
0.056116,-0.055165,-0.010094,0.99842,1,0.26074,0,0.26074,0
0.056352,-0.055403,-0.0101,0.99841,1,0.26174,0,0.26174,0
0.056588,-0.055642,-0.010107,0.9984,1,0.26274,0,0.26274,0
0.05684,-0.055898,-0.010116,0.99838,1,0.26374,0,0.26374,0
0.057099,-0.056158,-0.010125,0.99837,1,0.26474,0,0.26474,0
0.057357,-0.056418,-0.010133,0.99835,1,0.26573,0,0.26573,0
0.057616,-0.056679,-0.010142,0.99833,1,0.26673,0,0.26673,0
0.057875,-0.056939,-0.01015,0.99832,1,0.26773,0,0.26773,0
0.058133,-0.057199,-0.010159,0.9983,1,0.26873,0,0.26873,0
0.058392,-0.057459,-0.010167,0.99829,1,0.26973,0,0.26973,0
0.058651,-0.05772,-0.010176,0.99827,1,0.27073,0,0.27073,0
0.058909,-0.05798,-0.010184,0.99825,1,0.27173,0,0.27173,0
0.059168,-0.05824,-0.010193,0.99824,1,0.27273,0,0.27273,0
0.059427,-0.058501,-0.010201,0.99822,1,0.27373,0,0.27373,0
0.059686,-0.058761,-0.01021,0.9982,1,0.27472,0,0.27472,0
0.059944,-0.059021,-0.010218,0.99819,1,0.27572,0,0.27572,0
0.060203,-0.059282,-0.010227,0.99817,1,0.27672,0,0.27672,0
0.060462,-0.059542,-0.010235,0.99816,1,0.27772,0,0.27772,0
0.06072,-0.059802,-0.010244,0.99814,1,0.27872,0,0.27872,0
0.060979,-0.060062,-0.010253,0.99812,1,0.27972,0,0.27972,0
0.061238,-0.060323,-0.010261,0.99811,1,0.28072,0,0.28072,0
0.061496,-0.060583,-0.01027,0.99809,1,0.28172,0,0.28172,0
0.061755,-0.060843,-0.010278,0.99807,1,0.28272,0,0.28272,0
0.062014,-0.061104,-0.010287,0.99806,1,0.28372,0,0.28372,0
0.062273,-0.061364,-0.010295,0.99804,1,0.28471,0,0.28471,0
0.062531,-0.061624,-0.010304,0.99802,1,0.28571,0,0.28571,0
0.06279,-0.061884,-0.010312,0.99801,1,0.28671,0,0.28671,0
0.063049,-0.062145,-0.010321,0.99799,1,0.28771,0,0.28771,0
0.063307,-0.062405,-0.010329,0.99798,1,0.28871,0,0.28871,0
0.063566,-0.062665,-0.010338,0.99796,1,0.28971,0,0.28971,0
0.063825,-0.062926,-0.010346,0.99794,1,0.29071,0,0.29071,0
0.064083,-0.063186,-0.010355,0.99793,1,0.29171,0,0.29171,0
0.064342,-0.063446,-0.010363,0.99791,1,0.29271,0,0.29271,0
0.064601,-0.063707,-0.010372,0.99789,1,0.29371,0,0.29371,0
0.06486,-0.063967,-0.01038,0.99788,1,0.29471,0,0.29471,0
0.065118,-0.064227,-0.010389,0.99786,1,0.2957,0,0.2957,0
0.065377,-0.064487,-0.010397,0.99784,1,0.2967,0,0.2967,0
0.065636,-0.064748,-0.010406,0.99783,1,0.2977,0,0.2977,0
0.065894,-0.065008,-0.010414,0.99781,1,0.2987,0,0.2987,0
0.066153,-0.065268,-0.010423,0.9978,1,0.2997,0,0.2997,0
0.066412,-0.065529,-0.010431,0.99778,1,0.3007,0,0.3007,0
0.06667,-0.065789,-0.01044,0.99776,1,0.3017,0,0.3017,0
0.066929,-0.066049,-0.010448,0.99775,1,0.3027,0,0.3027,0
0.067188,-0.06631,-0.010457,0.99773,1,0.3037,0,0.3037,0
0.067447,-0.06657,-0.010465,0.99771,1,0.3047,0,0.3047,0
0.067705,-0.06683,-0.010474,0.9977,1,0.30569,0,0.30569,0
0.067964,-0.06709,-0.010482,0.99768,1,0.30669,0,0.30669,0
0.068223,-0.067351,-0.010491,0.99767,1,0.30769,0,0.30769,0
0.068481,-0.067611,-0.0105,0.99765,1,0.30869,0,0.30869,0
0.06874,-0.067871,-0.010508,0.99763,1,0.30969,0,0.30969,0
0.068999,-0.068132,-0.010517,0.99762,1,0.31069,0,0.31069,0
0.069257,-0.068392,-0.010525,0.9976,1,0.31169,0,0.31169,0
0.069516,-0.068652,-0.010534,0.99758,1,0.31269,0,0.31269,0
0.06978,-0.068918,-0.010544,0.99757,1,0.31369,0,0.31369,0
0.070064,-0.069203,-0.010555,0.99754,1,0.31469,0,0.31469,0
0.070348,-0.069487,-0.010565,0.99752,1,0.31568,0,0.31568,0
0.070631,-0.069772,-0.010576,0.9975,1,0.31668,0,0.31668,0
0.070915,-0.070056,-0.010586,0.99748,1,0.31768,0,0.31768,0
0.071199,-0.07034,-0.010596,0.99746,1,0.31868,0,0.31868,0
0.071483,-0.070625,-0.010607,0.99743,1,0.31968,0,0.31968,0
0.071767,-0.070909,-0.010617,0.99741,1,0.32068,0,0.32068,0
0.07205,-0.071193,-0.010628,0.99739,1,0.32168,0,0.32168,0
0.072334,-0.071478,-0.010638,0.99737,1,0.32268,0,0.32268,0
0.072618,-0.071762,-0.010649,0.99735,1,0.32368,0,0.32368,0
0.072902,-0.072046,-0.010659,0.99733,1,0.32467,0,0.32467,0
0.073186,-0.072331,-0.010669,0.9973,1,0.32567,0,0.32567,0
0.073469,-0.072615,-0.01068,0.99728,1,0.32667,0,0.32667,0
0.073753,-0.0729,-0.01069,0.99726,1,0.32767,0,0.32767,0
0.074037,-0.073184,-0.010701,0.99724,1,0.32867,0,0.32867,0
0.074321,-0.073468,-0.010711,0.99722,1,0.32967,0,0.32967,0
0.074605,-0.073753,-0.010722,0.99719,1,0.33067,0,0.33067,0
0.074888,-0.074037,-0.010732,0.99717,1,0.33167,0,0.33167,0
0.075172,-0.074321,-0.010742,0.99715,1,0.33267,0,0.33267,0
0.075456,-0.074606,-0.010753,0.99713,1,0.33367,0,0.33367,0
0.07574,-0.07489,-0.010763,0.99711,1,0.33467,0,0.33467,0
0.076024,-0.075174,-0.010774,0.99709,1,0.33566,0,0.33566,0
0.076307,-0.075459,-0.010784,0.99706,1,0.33666,0,0.33666,0
0.076591,-0.075743,-0.010795,0.99704,1,0.33766,0,0.33766,0
0.076875,-0.076027,-0.010805,0.99702,1,0.33866,0,0.33866,0
0.077159,-0.076312,-0.010815,0.997,1,0.33966,0,0.33966,0
0.077443,-0.076596,-0.010826,0.99698,1,0.34066,0,0.34066,0
0.077726,-0.076881,-0.010836,0.99695,1,0.34166,0,0.34166,0
0.07801,-0.077165,-0.010847,0.99693,1,0.34266,0,0.34266,0
0.078294,-0.077449,-0.010857,0.99691,1,0.34366,0,0.34366,0
0.078578,-0.077734,-0.010868,0.99689,1,0.34466,0,0.34466,0
0.078862,-0.078018,-0.010878,0.99687,1,0.34565,0,0.34565,0
0.079146,-0.078302,-0.010888,0.99685,1,0.34665,0,0.34665,0
0.079429,-0.078587,-0.010899,0.99682,1,0.34765,0,0.34765,0
0.079713,-0.078871,-0.010909,0.9968,1,0.34865,0,0.34865,0
0.079997,-0.079155,-0.01092,0.99678,1,0.34965,0,0.34965,0
0.080281,-0.07944,-0.01093,0.99676,1,0.35065,0,0.35065,0
0.080565,-0.079724,-0.010941,0.99674,1,0.35165,0,0.35165,0
0.080848,-0.080009,-0.010951,0.99671,1,0.35265,0,0.35265,0
0.081132,-0.080293,-0.010961,0.99669,1,0.35365,0,0.35365,0
0.081416,-0.080577,-0.010972,0.99667,1,0.35465,0,0.35465,0
0.0817,-0.080862,-0.010982,0.99665,1,0.35564,0,0.35564,0
0.081984,-0.081146,-0.010993,0.99663,1,0.35664,0,0.35664,0
0.082267,-0.08143,-0.011003,0.99661,1,0.35764,0,0.35764,0
0.082551,-0.081715,-0.011014,0.99658,1,0.35864,0,0.35864,0
0.082835,-0.081999,-0.011024,0.99656,1,0.35964,0,0.35964,0
0.083119,-0.082283,-0.011034,0.99654,1,0.36064,0,0.36064,0
0.083403,-0.082568,-0.011045,0.99652,1,0.36164,0,0.36164,0
0.083686,-0.082852,-0.011055,0.9965,1,0.36264,0,0.36264,0
0.08397,-0.083137,-0.011066,0.99647,1,0.36364,0,0.36364,0
0.084254,-0.083421,-0.011076,0.99645,1,0.36463,0,0.36463,0
0.084556,-0.083723,-0.011089,0.99643,1,0.36563,0,0.36563,0
0.08487,-0.084036,-0.011102,0.9964,1,0.36663,0,0.36663,0
0.085183,-0.084349,-0.011115,0.99637,1,0.36763,0,0.36763,0
0.085497,-0.084663,-0.011128,0.99634,1,0.36863,0,0.36863,0
0.085811,-0.084976,-0.01114,0.99631,1,0.36963,0,0.36963,0
0.086125,-0.085289,-0.011153,0.99628,1,0.37063,0,0.37063,0
0.086439,-0.085602,-0.011166,0.99625,1,0.37163,0,0.37163,0
0.086752,-0.085916,-0.011179,0.99622,1,0.37263,0,0.37263,0
0.087066,-0.086229,-0.011192,0.99619,1,0.37363,0,0.37363,0
0.08738,-0.086542,-0.011205,0.99617,1,0.37462,0,0.37462,0
0.087694,-0.086855,-0.011218,0.99614,1,0.37562,0,0.37562,0
0.088007,-0.087169,-0.011231,0.99611,1,0.37662,0,0.37662,0
0.088321,-0.087482,-0.011244,0.99608,1,0.37762,0,0.37762,0
0.088635,-0.087795,-0.011257,0.99605,1,0.37862,0,0.37862,0
0.088949,-0.088108,-0.01127,0.99602,1,0.37962,0,0.37962,0
0.089262,-0.088422,-0.011283,0.99599,1,0.38062,0,0.38062,0
0.089576,-0.088735,-0.011296,0.99596,1,0.38162,0,0.38162,0
0.08989,-0.089048,-0.011309,0.99593,1,0.38262,0,0.38262,0
0.090204,-0.089361,-0.011321,0.9959,1,0.38362,0,0.38362,0
0.090517,-0.089674,-0.011334,0.99588,1,0.38462,0,0.38462,0
0.090831,-0.089988,-0.011347,0.99585,1,0.38561,0,0.38561,0
0.091145,-0.090301,-0.01136,0.99582,1,0.38661,0,0.38661,0
0.091459,-0.090614,-0.011373,0.99579,1,0.38761,0,0.38761,0
0.091772,-0.090927,-0.011386,0.99576,1,0.38861,0,0.38861,0
0.092086,-0.091241,-0.011399,0.99573,1,0.38961,0,0.38961,0
0.0924,-0.091554,-0.011412,0.9957,1,0.39061,0,0.39061,0
0.092714,-0.091867,-0.011425,0.99567,1,0.39161,0,0.39161,0
0.093028,-0.09218,-0.011438,0.99564,1,0.39261,0,0.39261,0
0.093341,-0.092494,-0.011451,0.99561,1,0.39361,0,0.39361,0
0.093655,-0.092807,-0.011464,0.99559,1,0.39461,0,0.39461,0
0.093969,-0.09312,-0.011477,0.99556,1,0.3956,0,0.3956,0
0.094283,-0.093433,-0.01149,0.99553,1,0.3966,0,0.3966,0
0.094596,-0.093746,-0.011502,0.9955,1,0.3976,0,0.3976,0
0.09491,-0.09406,-0.011515,0.99547,1,0.3986,0,0.3986,0
0.095224,-0.094373,-0.011528,0.99544,1,0.3996,0,0.3996,0
0.095538,-0.094686,-0.011541,0.99541,1,0.4006,0,0.4006,0
0.095851,-0.094999,-0.011554,0.99538,1,0.4016,0,0.4016,0
0.096165,-0.095313,-0.011567,0.99535,1,0.4026,0,0.4026,0
0.096479,-0.095626,-0.01158,0.99532,1,0.4036,0,0.4036,0
0.096793,-0.095939,-0.011593,0.9953,1,0.4046,0,0.4046,0
0.097106,-0.096252,-0.011606,0.99527,1,0.40559,0,0.40559,0
0.09742,-0.096566,-0.011619,0.99524,1,0.40659,0,0.40659,0
0.097734,-0.096879,-0.011632,0.99521,1,0.40759,0,0.40759,0
0.098048,-0.097192,-0.011645,0.99518,1,0.40859,0,0.40859,0
0.098361,-0.097505,-0.011658,0.99515,1,0.40959,0,0.40959,0
0.098675,-0.097819,-0.011671,0.99512,1,0.41059,0,0.41059,0
0.098989,-0.098132,-0.011683,0.99509,1,0.41159,0,0.41159,0
0.099303,-0.098445,-0.011696,0.99506,1,0.41259,0,0.41259,0
0.099616,-0.098758,-0.011709,0.99504,1,0.41359,0,0.41359,0
0.09993,-0.099071,-0.011722,0.99501,1,0.41458,0,0.41458,0
0.10024,-0.099385,-0.011735,0.99498,1,0.41558,0,0.41558,0
0.10056,-0.0997,-0.011749,0.99495,1,0.41658,0,0.41658,0
0.10091,-0.10005,-0.011763,0.99491,1,0.41758,0,0.41758,0
0.10126,-0.10039,-0.011777,0.99487,1,0.41858,0,0.41858,0
0.1016,-0.10074,-0.011791,0.99483,1,0.41958,0,0.41958,0
0.10195,-0.10109,-0.011806,0.9948,1,0.42058,0,0.42058,0
0.1023,-0.10143,-0.01182,0.99476,1,0.42158,0,0.42158,0
0.10265,-0.10178,-0.011834,0.99472,1,0.42258,0,0.42258,0
0.103,-0.10213,-0.011849,0.99468,1,0.42358,0,0.42358,0
0.10334,-0.10247,-0.011863,0.99464,1,0.42458,0,0.42458,0
0.10369,-0.10282,-0.011877,0.9946,1,0.42557,0,0.42557,0
0.10404,-0.10317,-0.011891,0.99457,1,0.42657,0,0.42657,0
0.10439,-0.10351,-0.011906,0.99453,1,0.42757,0,0.42757,0
0.10474,-0.10386,-0.01192,0.99449,1,0.42857,0,0.42857,0
0.10509,-0.10421,-0.011934,0.99445,1,0.42957,0,0.42957,0
0.10543,-0.10455,-0.011949,0.99441,1,0.43057,0,0.43057,0
0.10578,-0.1049,-0.011963,0.99438,1,0.43157,0,0.43157,0
0.10613,-0.10525,-0.011977,0.99434,1,0.43257,0,0.43257,0
0.10648,-0.10559,-0.011991,0.9943,1,0.43357,0,0.43357,0
0.10683,-0.10594,-0.012006,0.99426,1,0.43457,0,0.43457,0
0.10717,-0.10629,-0.01202,0.99422,1,0.43556,0,0.43556,0
0.10752,-0.10663,-0.012034,0.99419,1,0.43656,0,0.43656,0
0.10787,-0.10698,-0.012048,0.99415,1,0.43756,0,0.43756,0
0.10822,-0.10733,-0.012063,0.99411,1,0.43856,0,0.43856,0
0.10857,-0.10767,-0.012077,0.99407,1,0.43956,0,0.43956,0
0.10892,-0.10802,-0.012091,0.99403,1,0.44056,0,0.44056,0
0.10926,-0.10837,-0.012106,0.994,1,0.44156,0,0.44156,0
0.10961,-0.10871,-0.01212,0.99396,1,0.44256,0,0.44256,0
0.10996,-0.10906,-0.012134,0.99392,1,0.44356,0,0.44356,0
0.11031,-0.10941,-0.012148,0.99388,1,0.44456,0,0.44456,0
0.11066,-0.10975,-0.012163,0.99384,1,0.44555,0,0.44555,0
0.11101,-0.1101,-0.012177,0.99381,1,0.44655,0,0.44655,0
0.11135,-0.11045,-0.012191,0.99377,1,0.44755,0,0.44755,0
0.1117,-0.11079,-0.012205,0.99373,1,0.44855,0,0.44855,0
0.11205,-0.11114,-0.01222,0.99369,1,0.44955,0,0.44955,0
0.1124,-0.11149,-0.012234,0.99365,1,0.45055,0,0.45055,0
0.11275,-0.11183,-0.012248,0.99361,1,0.45155,0,0.45155,0
0.11309,-0.11218,-0.012263,0.99358,1,0.45255,0,0.45255,0
0.11344,-0.11253,-0.012277,0.99354,1,0.45355,0,0.45355,0
0.11379,-0.11287,-0.012291,0.9935,1,0.45454,0,0.45454,0
0.11414,-0.11322,-0.012305,0.99346,1,0.45554,0,0.45554,0
0.11449,-0.11357,-0.01232,0.99342,1,0.45654,0,0.45654,0
0.11484,-0.11391,-0.012334,0.99339,1,0.45754,0,0.45754,0
0.11518,-0.11426,-0.012348,0.99335,1,0.45854,0,0.45854,0
0.11553,-0.11461,-0.012363,0.99331,1,0.45954,0,0.45954,0
0.11588,-0.11495,-0.012377,0.99327,1,0.46054,0,0.46054,0
0.11623,-0.1153,-0.012391,0.99323,1,0.46154,0,0.46154,0
0.11658,-0.11565,-0.012405,0.9932,1,0.46254,0,0.46254,0
0.11692,-0.11599,-0.01242,0.99316,1,0.46354,0,0.46354,0
0.11727,-0.11634,-0.012434,0.99312,1,0.46453,0,0.46453,0
0.11762,-0.11669,-0.012448,0.99308,1,0.46553,0,0.46553,0
0.11797,-0.11703,-0.012462,0.99304,1,0.46653,0,0.46653,0
0.11832,-0.11738,-0.012477,0.99301,1,0.46753,0,0.46753,0
0.11867,-0.11773,-0.01249,0.99297,1,0.46853,0,0.46853,0
0.11906,-0.11811,-0.012506,0.99292,1,0.46953,0,0.46953,0
0.11945,-0.1185,-0.012523,0.99287,1,0.47053,0,0.47053,0
0.11983,-0.11888,-0.012539,0.99282,1,0.47153,0,0.47153,0
0.12022,-0.11927,-0.012556,0.99277,1,0.47253,0,0.47253,0
0.12061,-0.11965,-0.012572,0.99272,1,0.47353,0,0.47353,0
0.12099,-0.12004,-0.012589,0.99267,1,0.47453,0,0.47453,0
0.12138,-0.12042,-0.012605,0.99262,1,0.47552,0,0.47552,0
0.12177,-0.1208,-0.012622,0.99257,1,0.47652,0,0.47652,0
0.12216,-0.12119,-0.012638,0.99252,1,0.47752,0,0.47752,0
0.12254,-0.12157,-0.012655,0.99247,1,0.47852,0,0.47852,0
0.12293,-0.12196,-0.012671,0.99242,1,0.47952,0,0.47952,0
0.12332,-0.12234,-0.012688,0.99237,1,0.48052,0,0.48052,0
0.1237,-0.12273,-0.012704,0.99232,1,0.48152,0,0.48152,0
0.12409,-0.12311,-0.012721,0.99227,1,0.48252,0,0.48252,0
0.12448,-0.12349,-0.012737,0.99222,1,0.48352,0,0.48352,0
0.12487,-0.12388,-0.012754,0.99217,1,0.48452,0,0.48452,0
0.12525,-0.12426,-0.01277,0.99212,1,0.48551,0,0.48551,0
0.12564,-0.12465,-0.012787,0.99207,1,0.48651,0,0.48651,0
0.12603,-0.12503,-0.012803,0.99202,1,0.48751,0,0.48751,0
0.12641,-0.12541,-0.01282,0.99197,1,0.48851,0,0.48851,0
0.1268,-0.1258,-0.012836,0.99192,1,0.48951,0,0.48951,0
0.12719,-0.12618,-0.012853,0.99187,1,0.49051,0,0.49051,0
0.12757,-0.12657,-0.012869,0.99182,1,0.49151,0,0.49151,0
0.12796,-0.12695,-0.012886,0.99177,1,0.49251,0,0.49251,0
0.12835,-0.12734,-0.012902,0.99172,1,0.49351,0,0.49351,0
0.12874,-0.12772,-0.012919,0.99167,1,0.49451,0,0.49451,0
0.12912,-0.1281,-0.012935,0.99162,1,0.4955,0,0.4955,0
0.12951,-0.12849,-0.012952,0.99157,1,0.4965,0,0.4965,0
0.1299,-0.12887,-0.012968,0.99152,1,0.4975,0,0.4975,0
0.13028,-0.12926,-0.012985,0.99147,1,0.4985,0,0.4985,0
0.13067,-0.12964,-0.013001,0.99142,1,0.4995,0,0.4995,0
0.13106,-0.13003,-0.013018,0.99138,1,0.5005,0,0.5005,0
0.13145,-0.13041,-0.013034,0.99133,1,0.5015,0,0.5015,0
0.13183,-0.13079,-0.013051,0.99128,1,0.5025,0,0.5025,0
0.13222,-0.13118,-0.013067,0.99123,1,0.5035,0,0.5035,0
0.13261,-0.13156,-0.013084,0.99118,1,0.5045,0,0.5045,0
0.13299,-0.13195,-0.0131,0.99113,1,0.50549,0,0.50549,0
0.13338,-0.13233,-0.013117,0.99108,1,0.50649,0,0.50649,0
0.13377,-0.13271,-0.013133,0.99103,1,0.50749,0,0.50749,0
0.13416,-0.1331,-0.01315,0.99098,1,0.50849,0,0.50849,0
0.13454,-0.13348,-0.013166,0.99093,1,0.50949,0,0.50949,0
0.13493,-0.13387,-0.013183,0.99088,1,0.51049,0,0.51049,0
0.13532,-0.13425,-0.013199,0.99083,1,0.51149,0,0.51149,0
0.1357,-0.13464,-0.013216,0.99078,1,0.51249,0,0.51249,0
0.13609,-0.13502,-0.013233,0.99073,1,0.51349,0,0.51349,0
0.13648,-0.1354,-0.013249,0.99068,1,0.51449,0,0.51449,0
0.13687,-0.13579,-0.013266,0.99063,1,0.51548,0,0.51548,0
0.13725,-0.13617,-0.013282,0.99058,1,0.51648,0,0.51648,0
0.13764,-0.13656,-0.013299,0.99053,1,0.51748,0,0.51748,0
0.13803,-0.13694,-0.013315,0.99048,1,0.51848,0,0.51848,0
0.13841,-0.13732,-0.013332,0.99043,1,0.51948,0,0.51948,0
0.1388,-0.13771,-0.013348,0.99038,1,0.52048,0,0.52048,0
0.13921,-0.13811,-0.013365,0.99032,1,0.52148,0,0.52148,0
0.13964,-0.13854,-0.013384,0.99026,1,0.52248,0,0.52248,0
0.14007,-0.13897,-0.013402,0.9902,1,0.52348,0,0.52348,0
0.1405,-0.13939,-0.013421,0.99013,1,0.52447,0,0.52447,0
0.14093,-0.13982,-0.01344,0.99007,1,0.52547,0,0.52547,0
0.14136,-0.14024,-0.013458,0.99,1,0.52647,0,0.52647,0
0.14179,-0.14067,-0.013477,0.98994,1,0.52747,0,0.52747,0
0.14223,-0.1411,-0.013496,0.98987,1,0.52847,0,0.52847,0
0.14266,-0.14152,-0.013514,0.98981,1,0.52947,0,0.52947,0
0.14309,-0.14195,-0.013533,0.98974,1,0.53047,0,0.53047,0
0.14352,-0.14238,-0.013552,0.98968,1,0.53147,0,0.53147,0
0.14395,-0.1428,-0.01357,0.98961,1,0.53247,0,0.53247,0
0.14438,-0.14323,-0.013589,0.98955,1,0.53347,0,0.53347,0
0.14481,-0.14365,-0.013608,0.98948,1,0.53447,0,0.53447,0
0.14524,-0.14408,-0.013626,0.98942,1,0.53546,0,0.53546,0
0.14567,-0.14451,-0.013645,0.98935,1,0.53646,0,0.53646,0
0.14611,-0.14493,-0.013664,0.98929,1,0.53746,0,0.53746,0
0.14654,-0.14536,-0.013682,0.98923,1,0.53846,0,0.53846,0
0.14697,-0.14579,-0.013701,0.98916,1,0.53946,0,0.53946,0
0.1474,-0.14621,-0.01372,0.9891,1,0.54046,0,0.54046,0
0.14783,-0.14664,-0.013738,0.98903,1,0.54146,0,0.54146,0
0.14826,-0.14707,-0.013757,0.98897,1,0.54246,0,0.54246,0
0.14869,-0.14749,-0.013776,0.9889,1,0.54346,0,0.54346,0
0.14912,-0.14792,-0.013794,0.98884,1,0.54445,0,0.54445,0
0.14955,-0.14834,-0.013813,0.98877,1,0.54545,0,0.54545,0
0.14998,-0.14877,-0.013831,0.98871,1,0.54645,0,0.54645,0
0.15042,-0.1492,-0.01385,0.98864,1,0.54745,0,0.54745,0
0.15085,-0.14962,-0.013869,0.98858,1,0.54845,0,0.54845,0
0.15128,-0.15005,-0.013887,0.98851,1,0.54945,0,0.54945,0
0.15171,-0.15048,-0.013906,0.98845,1,0.55045,0,0.55045,0
0.15214,-0.1509,-0.013925,0.98839,1,0.55145,0,0.55145,0
0.15257,-0.15133,-0.013943,0.98832,1,0.55245,0,0.55245,0
0.153,-0.15175,-0.013962,0.98826,1,0.55345,0,0.55345,0
0.15343,-0.15218,-0.013981,0.98819,1,0.55445,0,0.55445,0
0.15386,-0.15261,-0.013999,0.98813,1,0.55544,0,0.55544,0
0.15429,-0.15303,-0.014018,0.98806,1,0.55644,0,0.55644,0
0.15473,-0.15346,-0.014037,0.988,1,0.55744,0,0.55744,0
0.15516,-0.15389,-0.014055,0.98793,1,0.55844,0,0.55844,0
0.15559,-0.15431,-0.014074,0.98787,1,0.55944,0,0.55944,0
0.15602,-0.15474,-0.014093,0.9878,1,0.56044,0,0.56044,0
0.15645,-0.15516,-0.014111,0.98774,1,0.56144,0,0.56144,0
0.15688,-0.15559,-0.01413,0.98767,1,0.56244,0,0.56244,0
0.15731,-0.15602,-0.014149,0.98761,1,0.56344,0,0.56344,0
0.15774,-0.15644,-0.014167,0.98754,1,0.56444,0,0.56444,0
0.15817,-0.15687,-0.014186,0.98748,1,0.56543,0,0.56543,0
0.15861,-0.1573,-0.014205,0.98742,1,0.56643,0,0.56643,0
0.15904,-0.15772,-0.014223,0.98735,1,0.56743,0,0.56743,0
0.15947,-0.15815,-0.014242,0.98729,1,0.56843,0,0.56843,0
0.1599,-0.15857,-0.014261,0.98722,1,0.56943,0,0.56943,0
0.16033,-0.159,-0.014279,0.98716,1,0.57043,0,0.57043,0
0.16076,-0.15943,-0.014298,0.98709,1,0.57143,0,0.57143,0
0.16119,-0.15985,-0.014317,0.98703,1,0.57243,0,0.57243,0
0.16162,-0.16028,-0.014335,0.98696,1,0.57343,0,0.57343,0
0.16206,-0.16071,-0.014355,0.9869,1,0.57442,0,0.57442,0
0.16254,-0.16119,-0.014375,0.98681,1,0.57542,0,0.57542,0
0.16302,-0.16166,-0.014396,0.98673,1,0.57642,0,0.57642,0
0.1635,-0.16213,-0.014416,0.98664,1,0.57742,0,0.57742,0
0.16398,-0.16261,-0.014436,0.98656,1,0.57842,0,0.57842,0
0.16446,-0.16308,-0.014457,0.98648,1,0.57942,0,0.57942,0
0.16494,-0.16355,-0.014477,0.98639,1,0.58042,0,0.58042,0
0.16542,-0.16402,-0.014498,0.98631,1,0.58142,0,0.58142,0
0.1659,-0.1645,-0.014518,0.98623,1,0.58242,0,0.58242,0
0.16639,-0.16497,-0.014538,0.98614,1,0.58342,0,0.58342,0
0.16687,-0.16544,-0.014559,0.98606,1,0.58442,0,0.58442,0
0.16735,-0.16592,-0.014579,0.98598,1,0.58541,0,0.58541,0
0.16783,-0.16639,-0.014599,0.98589,1,0.58641,0,0.58641,0
0.16831,-0.16686,-0.01462,0.98581,1,0.58741,0,0.58741,0
0.16879,-0.16734,-0.01464,0.98573,1,0.58841,0,0.58841,0
0.16927,-0.16781,-0.014661,0.98564,1,0.58941,0,0.58941,0
0.16975,-0.16828,-0.014681,0.98556,1,0.59041,0,0.59041,0
0.17023,-0.16875,-0.014701,0.98547,1,0.59141,0,0.59141,0
0.17071,-0.16923,-0.014722,0.98539,1,0.59241,0,0.59241,0
0.17119,-0.1697,-0.014742,0.98531,1,0.59341,0,0.59341,0
0.17167,-0.17017,-0.014763,0.98522,1,0.5944,0,0.5944,0
0.17215,-0.17065,-0.014783,0.98514,1,0.5954,0,0.5954,0
0.17263,-0.17112,-0.014803,0.98506,1,0.5964,0,0.5964,0
0.17311,-0.17159,-0.014824,0.98497,1,0.5974,0,0.5974,0
0.17359,-0.17207,-0.014844,0.98489,1,0.5984,0,0.5984,0
0.17407,-0.17254,-0.014865,0.98481,1,0.5994,0,0.5994,0
0.17455,-0.17301,-0.014885,0.98472,1,0.6004,0,0.6004,0
0.17503,-0.17348,-0.014905,0.98464,1,0.6014,0,0.6014,0
0.17551,-0.17396,-0.014926,0.98456,1,0.6024,0,0.6024,0
0.17599,-0.17443,-0.014946,0.98447,1,0.6034,0,0.6034,0
0.17647,-0.1749,-0.014967,0.98439,1,0.6044,0,0.6044,0
0.17695,-0.17538,-0.014987,0.9843,1,0.60539,0,0.60539,0
0.17743,-0.17585,-0.015007,0.98422,1,0.60639,0,0.60639,0
0.17791,-0.17632,-0.015028,0.98414,1,0.60739,0,0.60739,0
0.17839,-0.1768,-0.015048,0.98405,1,0.60839,0,0.60839,0
0.17888,-0.17727,-0.015069,0.98397,1,0.60939,0,0.60939,0
0.17936,-0.17774,-0.015089,0.98389,1,0.61039,0,0.61039,0
0.17984,-0.17822,-0.015109,0.9838,1,0.61139,0,0.61139,0
0.18032,-0.17869,-0.01513,0.98372,1,0.61239,0,0.61239,0
0.1808,-0.17916,-0.01515,0.98364,1,0.61339,0,0.61339,0
0.18128,-0.17963,-0.015171,0.98355,1,0.61439,0,0.61439,0
0.18176,-0.18011,-0.015191,0.98347,1,0.61538,0,0.61538,0
0.18224,-0.18058,-0.015211,0.98339,1,0.61638,0,0.61638,0
0.18272,-0.18105,-0.015232,0.9833,1,0.61738,0,0.61738,0
0.1832,-0.18153,-0.015252,0.98322,1,0.61838,0,0.61838,0
0.18368,-0.182,-0.015273,0.98313,1,0.61938,0,0.61938,0
0.18416,-0.18247,-0.015293,0.98305,1,0.62038,0,0.62038,0
0.18464,-0.18295,-0.015313,0.98297,1,0.62138,0,0.62138,0
0.18512,-0.18342,-0.015334,0.98288,1,0.62238,0,0.62238,0
0.1856,-0.18389,-0.015354,0.9828,1,0.62338,0,0.62338,0
0.18608,-0.18436,-0.015375,0.98272,1,0.62437,0,0.62437,0
0.18656,-0.18484,-0.015395,0.98263,1,0.62537,0,0.62537,0
0.18704,-0.18531,-0.015415,0.98255,1,0.62637,0,0.62637,0
0.18752,-0.18578,-0.015436,0.98247,1,0.62737,0,0.62737,0
0.18802,-0.18627,-0.015457,0.98237,1,0.62837,0,0.62837,0
0.18855,-0.1868,-0.01548,0.98227,1,0.62937,0,0.62937,0
0.18909,-0.18732,-0.015502,0.98216,1,0.63037,0,0.63037,0
0.18963,-0.18785,-0.015525,0.98205,1,0.63137,0,0.63137,0
0.19016,-0.18837,-0.015547,0.98194,1,0.63237,0,0.63237,0
0.1907,-0.1889,-0.01557,0.98184,1,0.63337,0,0.63337,0
0.19123,-0.18942,-0.015593,0.98173,1,0.63437,0,0.63437,0
0.19177,-0.18995,-0.015615,0.98162,1,0.63536,0,0.63536,0
0.19231,-0.19047,-0.015638,0.98151,1,0.63636,0,0.63636,0
0.19284,-0.191,-0.01566,0.9814,1,0.63736,0,0.63736,0
0.19338,-0.19152,-0.015683,0.9813,1,0.63836,0,0.63836,0
0.19391,-0.19205,-0.015705,0.98119,1,0.63936,0,0.63936,0
0.19445,-0.19257,-0.015728,0.98108,1,0.64036,0,0.64036,0
0.19499,-0.19309,-0.01575,0.98097,1,0.64136,0,0.64136,0
0.19552,-0.19362,-0.015773,0.98087,1,0.64236,0,0.64236,0
0.19606,-0.19414,-0.015795,0.98076,1,0.64336,0,0.64336,0
0.19659,-0.19467,-0.015818,0.98065,1,0.64435,0,0.64435,0
0.19713,-0.19519,-0.01584,0.98054,1,0.64535,0,0.64535,0
0.19767,-0.19572,-0.015863,0.98043,1,0.64635,0,0.64635,0
0.1982,-0.19624,-0.015886,0.98033,1,0.64735,0,0.64735,0
0.19874,-0.19677,-0.015908,0.98022,1,0.64835,0,0.64835,0
0.19927,-0.19729,-0.015931,0.98011,1,0.64935,0,0.64935,0
0.19981,-0.19782,-0.015953,0.98,1,0.65035,0,0.65035,0
0.20035,-0.19834,-0.015976,0.9799,1,0.65135,0,0.65135,0
0.20088,-0.19887,-0.015998,0.97979,1,0.65235,0,0.65235,0
0.20142,-0.19939,-0.016021,0.97968,1,0.65335,0,0.65335,0
0.20195,-0.19992,-0.016043,0.97957,1,0.65435,0,0.65435,0
0.20249,-0.20044,-0.016066,0.97946,1,0.65534,0,0.65534,0
0.20303,-0.20097,-0.016088,0.97936,1,0.65634,0,0.65634,0
0.20356,-0.20149,-0.016111,0.97925,1,0.65734,0,0.65734,0
0.2041,-0.20202,-0.016133,0.97914,1,0.65834,0,0.65834,0
0.20463,-0.20254,-0.016156,0.97903,1,0.65934,0,0.65934,0
0.20517,-0.20307,-0.016179,0.97893,1,0.66034,0,0.66034,0
0.20571,-0.20359,-0.016201,0.97882,1,0.66134,0,0.66134,0
0.20624,-0.20412,-0.016224,0.97871,1,0.66234,0,0.66234,0
0.20678,-0.20464,-0.016246,0.9786,1,0.66334,0,0.66334,0
0.20731,-0.20517,-0.016269,0.97849,1,0.66434,0,0.66434,0
0.20785,-0.20569,-0.016291,0.97839,1,0.66533,0,0.66533,0
0.20838,-0.20622,-0.016314,0.97828,1,0.66633,0,0.66633,0
0.20892,-0.20674,-0.016336,0.97817,1,0.66733,0,0.66733,0
0.20946,-0.20727,-0.016359,0.97806,1,0.66833,0,0.66833,0
0.20999,-0.20779,-0.016381,0.97796,1,0.66933,0,0.66933,0
0.21053,-0.20832,-0.016404,0.97785,1,0.67033,0,0.67033,0
0.21106,-0.20884,-0.016426,0.97774,1,0.67133,0,0.67133,0
0.2116,-0.20937,-0.016449,0.97763,1,0.67233,0,0.67233,0
0.21214,-0.20989,-0.016472,0.97752,1,0.67333,0,0.67333,0
0.21267,-0.21042,-0.016494,0.97742,1,0.67432,0,0.67432,0
0.21321,-0.21094,-0.016517,0.97731,1,0.67532,0,0.67532,0
0.21374,-0.21146,-0.016539,0.9772,1,0.67632,0,0.67632,0
0.21428,-0.21199,-0.016562,0.97709,1,0.67732,0,0.67732,0
0.21482,-0.21251,-0.016584,0.97699,1,0.67832,0,0.67832,0
0.21535,-0.21304,-0.016607,0.97688,1,0.67932,0,0.67932,0
0.21589,-0.21356,-0.016629,0.97677,1,0.68032,0,0.68032,0
0.21642,-0.21409,-0.016652,0.97666,1,0.68132,0,0.68132,0
0.21696,-0.21461,-0.016674,0.97655,1,0.68232,0,0.68232,0
0.21754,-0.21518,-0.0167,0.97643,1,0.68332,0,0.68332,0
0.21813,-0.21576,-0.016724,0.97629,1,0.68432,0,0.68432,0
0.21873,-0.21634,-0.016749,0.97615,1,0.68531,0,0.68531,0
0.21933,-0.21692,-0.016774,0.97601,1,0.68631,0,0.68631,0
0.21993,-0.2175,-0.016799,0.97587,1,0.68731,0,0.68731,0
0.22052,-0.21808,-0.016824,0.97573,1,0.68831,0,0.68831,0
0.22112,-0.21866,-0.016849,0.9756,1,0.68931,0,0.68931,0
0.22172,-0.21924,-0.016874,0.97546,1,0.69031,0,0.69031,0
0.22232,-0.21982,-0.016899,0.97532,1,0.69131,0,0.69131,0
0.22291,-0.2204,-0.016923,0.97518,1,0.69231,0,0.69231,0
0.22351,-0.22099,-0.016948,0.97504,1,0.69331,0,0.69331,0
0.22411,-0.22157,-0.016973,0.9749,1,0.69431,0,0.69431,0
0.22471,-0.22215,-0.016998,0.97477,1,0.6953,0,0.6953,0
0.2253,-0.22273,-0.017023,0.97463,1,0.6963,0,0.6963,0
0.2259,-0.22331,-0.017048,0.97449,1,0.6973,0,0.6973,0
0.2265,-0.22389,-0.017073,0.97435,1,0.6983,0,0.6983,0
0.2271,-0.22447,-0.017097,0.97421,1,0.6993,0,0.6993,0
0.22769,-0.22505,-0.017122,0.97407,1,0.7003,0,0.7003,0
0.22829,-0.22563,-0.017147,0.97394,1,0.7013,0,0.7013,0
0.22889,-0.22622,-0.017172,0.9738,1,0.7023,0,0.7023,0
0.22949,-0.2268,-0.017197,0.97366,1,0.7033,0,0.7033,0
0.23008,-0.22738,-0.017222,0.97352,1,0.70429,0,0.70429,0
0.23068,-0.22796,-0.017247,0.97338,1,0.70529,0,0.70529,0
0.23128,-0.22854,-0.017272,0.97324,1,0.70629,0,0.70629,0
0.23188,-0.22912,-0.017296,0.97311,1,0.70729,0,0.70729,0
0.23247,-0.2297,-0.017321,0.97297,1,0.70829,0,0.70829,0
0.23307,-0.23028,-0.017346,0.97283,1,0.70929,0,0.70929,0
0.23367,-0.23086,-0.017371,0.97269,1,0.71029,0,0.71029,0
0.23427,-0.23144,-0.017396,0.97255,1,0.71129,0,0.71129,0
0.23486,-0.23203,-0.017421,0.97241,1,0.71229,0,0.71229,0
0.23546,-0.23261,-0.017446,0.97228,1,0.71329,0,0.71329,0
0.23606,-0.23319,-0.017471,0.97214,1,0.71429,0,0.71429,0
0.23666,-0.23377,-0.017495,0.972,1,0.71528,0,0.71528,0
0.23725,-0.23435,-0.01752,0.97186,1,0.71628,0,0.71628,0
0.23785,-0.23493,-0.017545,0.97172,1,0.71728,0,0.71728,0
0.23845,-0.23551,-0.01757,0.97158,1,0.71828,0,0.71828,0
0.23905,-0.23609,-0.017595,0.97145,1,0.71928,0,0.71928,0
0.23964,-0.23667,-0.01762,0.97131,1,0.72028,0,0.72028,0
0.24024,-0.23726,-0.017645,0.97117,1,0.72128,0,0.72128,0
0.24084,-0.23784,-0.017669,0.97103,1,0.72228,0,0.72228,0
0.24144,-0.23842,-0.017694,0.97089,1,0.72328,0,0.72328,0
0.24203,-0.239,-0.017719,0.97075,1,0.72427,0,0.72427,0
0.24263,-0.23958,-0.017744,0.97062,1,0.72527,0,0.72527,0
0.24323,-0.24016,-0.017769,0.97048,1,0.72627,0,0.72627,0
0.24383,-0.24074,-0.017794,0.97034,1,0.72727,0,0.72727,0
0.24442,-0.24132,-0.017819,0.9702,1,0.72827,0,0.72827,0
0.24502,-0.2419,-0.017844,0.97006,1,0.72927,0,0.72927,0
0.24562,-0.24248,-0.017868,0.96992,1,0.73027,0,0.73027,0
0.24622,-0.24307,-0.017893,0.96979,1,0.73127,0,0.73127,0
0.24681,-0.24365,-0.017918,0.96965,1,0.73227,0,0.73227,0
0.24741,-0.24423,-0.017943,0.96951,1,0.73327,0,0.73327,0
0.24801,-0.24481,-0.017968,0.96937,1,0.73427,0,0.73427,0
0.24861,-0.24539,-0.017993,0.96923,1,0.73526,0,0.73526,0
0.24921,-0.24597,-0.018018,0.96909,1,0.73626,0,0.73626,0
0.2498,-0.24655,-0.018043,0.96896,1,0.73726,0,0.73726,0
0.25042,-0.24715,-0.018069,0.9688,1,0.73826,0,0.73826,0
0.25109,-0.24779,-0.018098,0.96863,1,0.73926,0,0.73926,0
0.25175,-0.24843,-0.018126,0.96845,1,0.74026,0,0.74026,0
0.25242,-0.24907,-0.018155,0.96827,1,0.74126,0,0.74126,0
0.25308,-0.24971,-0.018183,0.9681,1,0.74226,0,0.74226,0
0.25375,-0.25036,-0.018212,0.96792,1,0.74326,0,0.74326,0
0.25441,-0.251,-0.018241,0.96774,1,0.74426,0,0.74426,0
0.25508,-0.25164,-0.018269,0.96757,1,0.74525,0,0.74525,0
0.25574,-0.25228,-0.018298,0.96739,1,0.74625,0,0.74625,0
0.25641,-0.25292,-0.018326,0.96722,1,0.74725,0,0.74725,0
0.25707,-0.25356,-0.018355,0.96704,1,0.74825,0,0.74825,0
0.25773,-0.2542,-0.018383,0.96686,1,0.74925,0,0.74925,0
0.2584,-0.25484,-0.018412,0.96669,1,0.75025,0,0.75025,0
0.25906,-0.25548,-0.01844,0.96651,1,0.75125,0,0.75125,0
0.25973,-0.25612,-0.018469,0.96633,1,0.75225,0,0.75225,0
0.26039,-0.25676,-0.018498,0.96616,1,0.75325,0,0.75325,0
0.26106,-0.2574,-0.018526,0.96598,1,0.75424,0,0.75424,0
0.26172,-0.25804,-0.018555,0.9658,1,0.75524,0,0.75524,0
0.26239,-0.25868,-0.018583,0.96563,1,0.75624,0,0.75624,0
0.26305,-0.25932,-0.018612,0.96545,1,0.75724,0,0.75724,0
0.26372,-0.25996,-0.01864,0.96527,1,0.75824,0,0.75824,0
0.26438,-0.2606,-0.018669,0.9651,1,0.75924,0,0.75924,0
0.26505,-0.26124,-0.018697,0.96492,1,0.76024,0,0.76024,0
0.26571,-0.26188,-0.018726,0.96474,1,0.76124,0,0.76124,0
0.26638,-0.26252,-0.018755,0.96457,1,0.76224,0,0.76224,0
0.26704,-0.26316,-0.018783,0.96439,1,0.76324,0,0.76324,0
0.26771,-0.2638,-0.018812,0.96421,1,0.76424,0,0.76424,0
0.26837,-0.26444,-0.01884,0.96404,1,0.76523,0,0.76523,0
0.26903,-0.26508,-0.018869,0.96386,1,0.76623,0,0.76623,0
0.2697,-0.26572,-0.018897,0.96368,1,0.76723,0,0.76723,0
0.27036,-0.26636,-0.018926,0.96351,1,0.76823,0,0.76823,0
0.27103,-0.26701,-0.018954,0.96333,1,0.76923,0,0.76923,0
0.27169,-0.26765,-0.018983,0.96316,1,0.77023,0,0.77023,0
0.27236,-0.26829,-0.019012,0.96298,1,0.77123,0,0.77123,0
0.27302,-0.26893,-0.01904,0.9628,1,0.77223,0,0.77223,0
0.27369,-0.26957,-0.019069,0.96263,1,0.77323,0,0.77323,0
0.27435,-0.27021,-0.019097,0.96245,1,0.77422,0,0.77422,0
0.27502,-0.27085,-0.019126,0.96227,1,0.77522,0,0.77522,0
0.27568,-0.27149,-0.019154,0.9621,1,0.77622,0,0.77622,0
0.27635,-0.27213,-0.019183,0.96192,1,0.77722,0,0.77722,0
0.27701,-0.27277,-0.019211,0.96174,1,0.77822,0,0.77822,0
0.27768,-0.27341,-0.01924,0.96157,1,0.77922,0,0.77922,0
0.27834,-0.27405,-0.019269,0.96139,1,0.78022,0,0.78022,0
0.27901,-0.27469,-0.019297,0.96121,1,0.78122,0,0.78122,0
0.27967,-0.27533,-0.019326,0.96104,1,0.78222,0,0.78222,0
0.28033,-0.27597,-0.019354,0.96086,1,0.78322,0,0.78322,0
0.281,-0.27661,-0.019383,0.96068,1,0.78422,0,0.78422,0
0.28166,-0.27725,-0.019411,0.96051,1,0.78521,0,0.78521,0
0.28233,-0.27789,-0.01944,0.96033,1,0.78621,0,0.78621,0
0.28299,-0.27853,-0.019468,0.96015,1,0.78721,0,0.78721,0
0.28366,-0.27917,-0.019497,0.95998,1,0.78821,0,0.78821,0
0.28432,-0.27981,-0.019526,0.9598,1,0.78921,0,0.78921,0
0.28499,-0.28045,-0.019554,0.95962,1,0.79021,0,0.79021,0
0.28565,-0.28109,-0.019583,0.95945,1,0.79121,0,0.79121,0
0.28632,-0.28173,-0.019611,0.95927,1,0.79221,0,0.79221,0
0.28698,-0.28237,-0.01964,0.9591,1,0.79321,0,0.79321,0
0.28768,-0.28304,-0.019668,0.9589,1,0.79421,0,0.79421,0
0.28842,-0.28374,-0.019699,0.95868,1,0.7952,0,0.7952,0
0.28916,-0.28445,-0.01973,0.95845,1,0.7962,0,0.7962,0
0.28989,-0.28515,-0.019762,0.95823,1,0.7972,0,0.7972,0
0.29063,-0.28586,-0.019793,0.958,1,0.7982,0,0.7982,0
0.29137,-0.28656,-0.019824,0.95778,1,0.7992,0,0.7992,0
0.29211,-0.28727,-0.019855,0.95755,1,0.8002,0,0.8002,0
0.29285,-0.28797,-0.019887,0.95733,1,0.8012,0,0.8012,0
0.29359,-0.28867,-0.019918,0.95711,1,0.8022,0,0.8022,0
0.29433,-0.28938,-0.019949,0.95688,1,0.8032,0,0.8032,0
0.29507,-0.29008,-0.01998,0.95666,1,0.80419,0,0.80419,0
0.29581,-0.29079,-0.020011,0.95643,1,0.80519,0,0.80519,0
0.29655,-0.29149,-0.020043,0.95621,1,0.80619,0,0.80619,0
0.29729,-0.2922,-0.020074,0.95598,1,0.80719,0,0.80719,0
0.29803,-0.2929,-0.020105,0.95576,1,0.80819,0,0.80819,0
0.29877,-0.2936,-0.020136,0.95554,1,0.80919,0,0.80919,0
0.29951,-0.29431,-0.020167,0.95531,1,0.81019,0,0.81019,0
0.30025,-0.29501,-0.020199,0.95509,1,0.81119,0,0.81119,0
0.30099,-0.29572,-0.02023,0.95486,1,0.81219,0,0.81219,0
0.30173,-0.29642,-0.020261,0.95464,1,0.81319,0,0.81319,0
0.30247,-0.29713,-0.020292,0.95441,1,0.81419,0,0.81419,0
0.30321,-0.29783,-0.020323,0.95419,1,0.81518,0,0.81518,0
0.30395,-0.29853,-0.020355,0.95396,1,0.81618,0,0.81618,0
0.30469,-0.29924,-0.020386,0.95374,1,0.81718,0,0.81718,0
0.30543,-0.29994,-0.020417,0.95352,1,0.81818,0,0.81818,0
0.30617,-0.30065,-0.020448,0.95329,1,0.81918,0,0.81918,0
0.30691,-0.30135,-0.020479,0.95307,1,0.82018,0,0.82018,0
0.30765,-0.30206,-0.020511,0.95284,1,0.82118,0,0.82118,0
0.30839,-0.30276,-0.020542,0.95262,1,0.82218,0,0.82218,0
0.30913,-0.30346,-0.020573,0.95239,1,0.82318,0,0.82318,0
0.30987,-0.30417,-0.020604,0.95217,1,0.82418,0,0.82418,0
0.31061,-0.30487,-0.020635,0.95195,1,0.82517,0,0.82517,0
0.31135,-0.30558,-0.020667,0.95172,1,0.82617,0,0.82617,0
0.31209,-0.30628,-0.020698,0.9515,1,0.82717,0,0.82717,0
0.31283,-0.30699,-0.020729,0.95127,1,0.82817,0,0.82817,0
0.31357,-0.30769,-0.02076,0.95105,1,0.82917,0,0.82917,0
0.31431,-0.30839,-0.020791,0.95082,1,0.83017,0,0.83017,0
0.31504,-0.3091,-0.020823,0.9506,1,0.83117,0,0.83117,0
0.31578,-0.3098,-0.020854,0.95038,1,0.83217,0,0.83217,0
0.31652,-0.31051,-0.020885,0.95015,1,0.83317,0,0.83317,0
0.31726,-0.31121,-0.020916,0.94993,1,0.83417,0,0.83417,0
0.318,-0.31192,-0.020947,0.9497,1,0.83516,0,0.83516,0
0.31874,-0.31262,-0.020979,0.94948,1,0.83616,0,0.83616,0
0.31948,-0.31332,-0.02101,0.94925,1,0.83716,0,0.83716,0
0.32022,-0.31403,-0.021041,0.94903,1,0.83816,0,0.83816,0
0.32096,-0.31473,-0.021072,0.9488,1,0.83916,0,0.83916,0
0.3217,-0.31544,-0.021104,0.94858,1,0.84016,0,0.84016,0
0.32244,-0.31614,-0.021135,0.94836,1,0.84116,0,0.84116,0
0.32318,-0.31685,-0.021166,0.94813,1,0.84216,0,0.84216,0
0.32392,-0.31755,-0.021197,0.94791,1,0.84316,0,0.84316,0
0.32466,-0.31825,-0.021228,0.94768,1,0.84416,0,0.84416,0
0.3254,-0.31896,-0.02126,0.94746,1,0.84515,0,0.84515,0
0.32614,-0.31966,-0.021291,0.94723,1,0.84615,0,0.84615,0
0.32688,-0.32037,-0.021322,0.94701,1,0.84715,0,0.84715,0
0.32762,-0.32107,-0.021353,0.94679,1,0.84815,0,0.84815,0
0.32836,-0.32178,-0.021384,0.94656,1,0.84915,0,0.84915,0
0.32912,-0.32249,-0.021415,0.94632,1,0.85015,0,0.85015,0
0.32994,-0.32326,-0.021455,0.94604,1,0.85115,0,0.85115,0
0.33076,-0.32403,-0.021494,0.94576,1,0.85215,0,0.85215,0
0.33158,-0.3248,-0.021534,0.94548,1,0.85315,0,0.85315,0
0.3324,-0.32557,-0.021574,0.94519,1,0.85414,0,0.85414,0
0.33322,-0.32634,-0.021613,0.94491,1,0.85514,0,0.85514,0
0.33404,-0.32711,-0.021653,0.94463,1,0.85614,0,0.85614,0
0.33487,-0.32789,-0.021692,0.94435,1,0.85714,0,0.85714,0
0.33569,-0.32866,-0.021732,0.94406,1,0.85814,0,0.85814,0
0.33651,-0.32943,-0.021771,0.94378,1,0.85914,0,0.85914,0
0.33733,-0.3302,-0.021811,0.9435,1,0.86014,0,0.86014,0
0.33815,-0.33097,-0.02185,0.94321,1,0.86114,0,0.86114,0
0.33897,-0.33174,-0.02189,0.94293,1,0.86214,0,0.86214,0
0.33979,-0.33251,-0.021929,0.94265,1,0.86314,0,0.86314,0
0.34061,-0.33328,-0.021969,0.94237,1,0.86414,0,0.86414,0
0.34143,-0.33405,-0.022009,0.94208,1,0.86513,0,0.86513,0
0.34226,-0.33482,-0.022048,0.9418,1,0.86613,0,0.86613,0
0.34308,-0.33559,-0.022088,0.94152,1,0.86713,0,0.86713,0
0.3439,-0.33636,-0.022127,0.94124,1,0.86813,0,0.86813,0
0.34472,-0.33713,-0.022167,0.94095,1,0.86913,0,0.86913,0
0.34554,-0.3379,-0.022206,0.94067,1,0.87013,0,0.87013,0
0.34636,-0.33867,-0.022246,0.94039,1,0.87113,0,0.87113,0
0.34718,-0.33944,-0.022285,0.9401,1,0.87213,0,0.87213,0
0.348,-0.34021,-0.022325,0.93982,1,0.87313,0,0.87313,0
0.34883,-0.34098,-0.022364,0.93954,1,0.87413,0,0.87413,0
0.34965,-0.34175,-0.022404,0.93926,1,0.87512,0,0.87512,0
0.35047,-0.34252,-0.022444,0.93897,1,0.87612,0,0.87612,0
0.35129,-0.34329,-0.022483,0.93869,1,0.87712,0,0.87712,0
0.35211,-0.34406,-0.022523,0.93841,1,0.87812,0,0.87812,0
0.35293,-0.34483,-0.022562,0.93813,1,0.87912,0,0.87912,0
0.35375,-0.3456,-0.022602,0.93784,1,0.88012,0,0.88012,0
0.35457,-0.34637,-0.022641,0.93756,1,0.88112,0,0.88112,0
0.3554,-0.34714,-0.022681,0.93728,1,0.88212,0,0.88212,0
0.35622,-0.34791,-0.02272,0.93699,1,0.88312,0,0.88312,0
0.35704,-0.34868,-0.02276,0.93671,1,0.88412,0,0.88412,0
0.35786,-0.34945,-0.0228,0.93643,1,0.88511,0,0.88511,0
0.35868,-0.35022,-0.022839,0.93615,1,0.88611,0,0.88611,0
0.3595,-0.35099,-0.022879,0.93586,1,0.88711,0,0.88711,0
0.36032,-0.35176,-0.022918,0.93558,1,0.88811,0,0.88811,0
0.36114,-0.35253,-0.022958,0.9353,1,0.88911,0,0.88911,0
0.36197,-0.3533,-0.022997,0.93502,1,0.89011,0,0.89011,0
0.36279,-0.35407,-0.023037,0.93473,1,0.89111,0,0.89111,0
0.36361,-0.35484,-0.023076,0.93445,1,0.89211,0,0.89211,0
0.36443,-0.35561,-0.023116,0.93417,1,0.89311,0,0.89311,0
0.36525,-0.35638,-0.023155,0.93389,1,0.89411,0,0.89411,0
0.36607,-0.35715,-0.023195,0.9336,1,0.8951,0,0.8951,0
0.36689,-0.35792,-0.023235,0.93332,1,0.8961,0,0.8961,0
0.36771,-0.35869,-0.023274,0.93304,1,0.8971,0,0.8971,0
0.36854,-0.35946,-0.023314,0.93275,1,0.8981,0,0.8981,0
0.36936,-0.36023,-0.023353,0.93247,1,0.8991,0,0.8991,0
0.37018,-0.361,-0.023393,0.93219,1,0.9001,0,0.9001,0
0.371,-0.36177,-0.023432,0.93191,1,0.9011,0,0.9011,0
0.37182,-0.36254,-0.023472,0.93162,1,0.9021,0,0.9021,0
0.37264,-0.36331,-0.023511,0.93134,1,0.9031,0,0.9031,0
0.37346,-0.36408,-0.023551,0.93106,1,0.90409,0,0.90409,0
0.37431,-0.36487,-0.02359,0.93076,1,0.90509,0,0.90509,0
0.37521,-0.3657,-0.023632,0.93041,1,0.90609,0,0.90609,0
0.37611,-0.36653,-0.023674,0.93006,1,0.90709,0,0.90709,0
0.37702,-0.36736,-0.023716,0.92971,1,0.90809,0,0.90809,0
0.37792,-0.36819,-0.023758,0.92936,1,0.90909,0,0.90909,0
0.37882,-0.36902,-0.023799,0.92901,1,0.91009,0,0.91009,0
0.37972,-0.36985,-0.023841,0.92866,1,0.91109,0,0.91109,0
0.38063,-0.37068,-0.023883,0.92832,1,0.91209,0,0.91209,0
0.38153,-0.37152,-0.023925,0.92797,1,0.91309,0,0.91309,0
0.38243,-0.37235,-0.023967,0.92762,1,0.91409,0,0.91409,0
0.38333,-0.37318,-0.024009,0.92727,1,0.91508,0,0.91508,0
0.38423,-0.37401,-0.024051,0.92692,1,0.91608,0,0.91608,0
0.38514,-0.37484,-0.024092,0.92657,1,0.91708,0,0.91708,0
0.38604,-0.37567,-0.024134,0.92622,1,0.91808,0,0.91808,0
0.38694,-0.3765,-0.024176,0.92588,1,0.91908,0,0.91908,0
0.38784,-0.37734,-0.024218,0.92553,1,0.92008,0,0.92008,0
0.38875,-0.37817,-0.02426,0.92518,1,0.92108,0,0.92108,0
0.38965,-0.379,-0.024301,0.92483,1,0.92208,0,0.92208,0
0.39055,-0.37983,-0.024343,0.92448,1,0.92308,0,0.92308,0
0.39145,-0.38066,-0.024385,0.92413,1,0.92408,0,0.92408,0
0.39236,-0.38149,-0.024427,0.92379,1,0.92507,0,0.92507,0
0.39326,-0.38232,-0.024469,0.92344,1,0.92607,0,0.92607,0
0.39416,-0.38315,-0.024511,0.92309,1,0.92707,0,0.92707,0
0.39506,-0.38399,-0.024552,0.92274,1,0.92807,0,0.92807,0
0.39597,-0.38482,-0.024594,0.92239,1,0.92907,0,0.92907,0
0.39687,-0.38565,-0.024636,0.92204,1,0.93007,0,0.93007,0
0.39777,-0.38648,-0.024678,0.92169,1,0.93107,0,0.93107,0
0.39867,-0.38731,-0.02472,0.92135,1,0.93207,0,0.93207,0
0.39958,-0.38814,-0.024761,0.921,1,0.93307,0,0.93307,0
0.40048,-0.38897,-0.024803,0.92065,1,0.93406,0,0.93406,0
0.40138,-0.38981,-0.024845,0.9203,1,0.93506,0,0.93506,0
0.40228,-0.39064,-0.024887,0.91995,1,0.93606,0,0.93606,0
0.40319,-0.39147,-0.024929,0.9196,1,0.93706,0,0.93706,0
0.40409,-0.3923,-0.024971,0.91925,1,0.93806,0,0.93806,0
0.40499,-0.39313,-0.025012,0.91891,1,0.93906,0,0.93906,0
0.40589,-0.39396,-0.025054,0.91856,1,0.94006,0,0.94006,0
0.4068,-0.39479,-0.025096,0.91821,1,0.94106,0,0.94106,0
0.4077,-0.39563,-0.025138,0.91786,1,0.94206,0,0.94206,0
0.4086,-0.39646,-0.02518,0.91751,1,0.94306,0,0.94306,0
0.4095,-0.39729,-0.025221,0.91716,1,0.94406,0,0.94406,0
0.41041,-0.39812,-0.025263,0.91681,1,0.94505,0,0.94505,0
0.41131,-0.39895,-0.025305,0.91647,1,0.94605,0,0.94605,0
0.41221,-0.39978,-0.025347,0.91612,1,0.94705,0,0.94705,0
0.41311,-0.40061,-0.025389,0.91577,1,0.94805,0,0.94805,0
0.41402,-0.40144,-0.025431,0.91542,1,0.94905,0,0.94905,0
0.41492,-0.40228,-0.025472,0.91507,1,0.95005,0,0.95005,0
0.41582,-0.40311,-0.025514,0.91472,1,0.95105,0,0.95105,0
0.41672,-0.40394,-0.025556,0.91438,1,0.95205,0,0.95205,0
0.41763,-0.40477,-0.025598,0.91403,1,0.95305,0,0.95305,0
0.41853,-0.4056,-0.02564,0.91368,1,0.95404,0,0.95404,0
0.41947,-0.40646,-0.025692,0.91329,1,0.95504,0,0.95504,0
0.42047,-0.40736,-0.025749,0.91287,1,0.95604,0,0.95604,0
0.42146,-0.40826,-0.025805,0.91244,1,0.95704,0,0.95704,0
0.42245,-0.40915,-0.025862,0.91202,1,0.95804,0,0.95804,0
0.42345,-0.41005,-0.025918,0.9116,1,0.95904,0,0.95904,0
0.42444,-0.41094,-0.025975,0.91117,1,0.96004,0,0.96004,0
0.42543,-0.41184,-0.026032,0.91075,1,0.96104,0,0.96104,0
0.42643,-0.41274,-0.026088,0.91032,1,0.96204,0,0.96204,0
0.42742,-0.41363,-0.026145,0.9099,1,0.96304,0,0.96304,0
0.42841,-0.41453,-0.026201,0.90947,1,0.96404,0,0.96404,0
0.42941,-0.41542,-0.026258,0.90905,1,0.96503,0,0.96503,0
0.4304,-0.41632,-0.026315,0.90862,1,0.96603,0,0.96603,0
0.43139,-0.41722,-0.026371,0.9082,1,0.96703,0,0.96703,0
0.43239,-0.41811,-0.026428,0.90778,1,0.96803,0,0.96803,0
0.43338,-0.41901,-0.026484,0.90735,1,0.96903,0,0.96903,0
0.43437,-0.4199,-0.026541,0.90693,1,0.97003,0,0.97003,0
0.43537,-0.4208,-0.026598,0.9065,1,0.97103,0,0.97103,0
0.43636,-0.4217,-0.026654,0.90608,1,0.97203,0,0.97203,0
0.43735,-0.42259,-0.026711,0.90565,1,0.97303,0,0.97303,0
0.43835,-0.42349,-0.026767,0.90523,1,0.97403,0,0.97403,0
0.43934,-0.42438,-0.026824,0.9048,1,0.97502,0,0.97502,0
0.44033,-0.42528,-0.02688,0.90438,1,0.97602,0,0.97602,0
0.44133,-0.42618,-0.026937,0.90396,1,0.97702,0,0.97702,0
0.44232,-0.42707,-0.026994,0.90353,1,0.97802,0,0.97802,0
0.44331,-0.42797,-0.02705,0.90311,1,0.97902,0,0.97902,0
0.44431,-0.42887,-0.027107,0.90268,1,0.98002,0,0.98002,0
0.4453,-0.42976,-0.027163,0.90226,1,0.98102,0,0.98102,0
0.44629,-0.43066,-0.02722,0.90183,1,0.98202,0,0.98202,0
0.44729,-0.43155,-0.027277,0.90141,1,0.98302,0,0.98302,0
0.44828,-0.43245,-0.027333,0.90098,1,0.98401,0,0.98401,0
0.44927,-0.43335,-0.02739,0.90056,1,0.98501,0,0.98501,0
0.45026,-0.43424,-0.027446,0.90014,1,0.98601,0,0.98601,0
0.45126,-0.43514,-0.027503,0.89971,1,0.98701,0,0.98701,0
0.45225,-0.43603,-0.02756,0.89929,1,0.98801,0,0.98801,0
0.45324,-0.43693,-0.027616,0.89886,1,0.98901,0,0.98901,0
0.45424,-0.43783,-0.027673,0.89844,1,0.99001,0,0.99001,0
0.45523,-0.43872,-0.027729,0.89801,1,0.99101,0,0.99101,0
0.45622,-0.43962,-0.027786,0.89759,1,0.99201,0,0.99201,0
0.45722,-0.44051,-0.027843,0.89716,1,0.99301,0,0.99301,0
0.45821,-0.44141,-0.027899,0.89674,1,0.99401,0,0.99401,0
0.4592,-0.44231,-0.027956,0.89632,1,0.995,0,0.995,0
0.4602,-0.4432,-0.028012,0.89589,1,0.996,0,0.996,0
0.46119,-0.4441,-0.028069,0.89547,1,0.997,0,0.997,0
0.46218,-0.44499,-0.028126,0.89504,1,0.998,0,0.998,0
0.46318,-0.44589,-0.028182,0.89462,1,0.999,0,0.999,0
